位,类型,描述,,位,类型,描述,,位,类型,描述,,位,类型,描述,,位,类型,描述,,位,类型,描述,,位,类型,描述,,位,类型,描述,,位,类型,描述,,位,类型,描述,,位,类型,描述,,位,类型,描述,,位,类型,描述,,位,类型,描述,,位,类型,描述,,位,类型,描述,,位,类型,描述,,位,类型,描述,,位,类型,描述,,位,类型,描述
Level_01字段0,,,,Level_01字段1,,,,Level_01字段2,,,,Level_01字段3,,,,Level_02字段0,,,,Level_02字段1,,,,Level_02字段2,,,,Level_02字段3,,,,Level_03字段0,,,,Level_03字段1,,,,Level_03字段2,,,,Level_03字段3,,,,Level_04字段0,,,,Level_04字段1,,,,Level_04字段2,,,,Level_04字段3,,,,Level_05字段0,,,,Level_05字段1,,,,Level_05字段2,,,,Level_05字段3,,
bit0,ErrorCode_App_L1[0],单卷完成,,bit0,ErrorCode_App_L1[1],"""""",,bit0,ErrorCode_App_L1[2],"""""",,bit0,ErrorCode_App_L1[3],"""""",,bit0,ErrorCode_App_L2[0],吹气到料筒未完成，请减少吹气时间或降低运行速度,,bit0,ErrorCode_App_L2[1],"""""",,bit0,ErrorCode_App_L2[2],"""""",,bit0,ErrorCode_App_L2[3],"""""",,bit0,ErrorCode_App_L3[0],设备需要复位,,bit0,ErrorCode_App_L3[1],"""""",,bit0,ErrorCode_App_L3[2],"""""",,bit0,ErrorCode_App_L3[3],"""""",,bit0,ErrorCode_App_L4[0],”“,,bit0,ErrorCode_App_L4[1],"""""",,bit0,ErrorCode_App_L4[2],"""""",,bit0,ErrorCode_App_L4[3],"""""",,bit0,ErrorCode_App_L5[0],"""""",,bit0,ErrorCode_App_L5[1],"""""",,bit0,ErrorCode_App_L5[2],"""""",,bit0,ErrorCode_App_L5[3],""""""
bit1,ErrorCode_App_L1[0],"""""",,bit1,ErrorCode_App_L1[1],"""""",,bit1,ErrorCode_App_L1[2],"""""",,bit1,ErrorCode_App_L1[3],"""""",,bit1,ErrorCode_App_L2[0],电性测试未完成，请检查测试卡与运动卡的连接，调整测试时间或降低整机运行速度,,bit1,ErrorCode_App_L2[1],"""""",,bit1,ErrorCode_App_L2[2],"""""",,bit1,ErrorCode_App_L2[3],"""""",,bit1,ErrorCode_App_L3[0],定位1电机报警,,bit1,ErrorCode_App_L3[1],"""""",,bit1,ErrorCode_App_L3[2],"""""",,bit1,ErrorCode_App_L3[3],"""""",,bit1,ErrorCode_App_L4[0],"""""",,bit1,ErrorCode_App_L4[1],"""""",,bit1,ErrorCode_App_L4[2],"""""",,bit1,ErrorCode_App_L4[3],"""""",,bit1,ErrorCode_App_L5[0],"""""",,bit1,ErrorCode_App_L5[1],"""""",,bit1,ErrorCode_App_L5[2],"""""",,bit1,ErrorCode_App_L5[3],""""""
bit2,ErrorCode_App_L1[0],"""""",,bit2,ErrorCode_App_L1[1],"""""",,bit2,ErrorCode_App_L1[2],"""""",,bit2,ErrorCode_App_L1[3],"""""",,bit2,ErrorCode_App_L2[0],方向旋转未完成，请调整旋转电机速度或降低整机运行速度,,bit2,ErrorCode_App_L2[1],"""""",,bit2,ErrorCode_App_L2[2],"""""",,bit2,ErrorCode_App_L2[3],"""""",,bit2,ErrorCode_App_L3[0],定位2电机报警,,bit2,ErrorCode_App_L3[1],"""""",,bit2,ErrorCode_App_L3[2],"""""",,bit2,ErrorCode_App_L3[3],"""""",,bit2,ErrorCode_App_L4[0],"""""",,bit2,ErrorCode_App_L4[1],"""""",,bit2,ErrorCode_App_L4[2],"""""",,bit2,ErrorCode_App_L4[3],"""""",,bit2,ErrorCode_App_L5[0],"""""",,bit2,ErrorCode_App_L5[1],"""""",,bit2,ErrorCode_App_L5[2],"""""",,bit2,ErrorCode_App_L5[3],""""""
bit3,ErrorCode_App_L1[0],"""""",,bit3,ErrorCode_App_L1[1],"""""",,bit3,ErrorCode_App_L1[2],"""""",,bit3,ErrorCode_App_L1[3],"""""",,bit3,ErrorCode_App_L2[0],装填动作未完成，请调整装填电机速度或降低整机运行速度,,bit3,ErrorCode_App_L2[1],"""""",,bit3,ErrorCode_App_L2[2],"""""",,bit3,ErrorCode_App_L2[3],"""""",,bit3,ErrorCode_App_L3[0],装填电机报警,,bit3,ErrorCode_App_L3[1],"""""",,bit3,ErrorCode_App_L3[2],"""""",,bit3,ErrorCode_App_L3[3],"""""",,bit3,ErrorCode_App_L4[0],"""""",,bit3,ErrorCode_App_L4[1],"""""",,bit3,ErrorCode_App_L4[2],"""""",,bit3,ErrorCode_App_L4[3],"""""",,bit3,ErrorCode_App_L5[0],"""""",,bit3,ErrorCode_App_L5[1],"""""",,bit3,ErrorCode_App_L5[2],"""""",,bit3,ErrorCode_App_L5[3],""""""
bit4,ErrorCode_App_L1[0],"""""",,bit4,ErrorCode_App_L1[1],"""""",,bit4,ErrorCode_App_L1[2],"""""",,bit4,ErrorCode_App_L1[3],"""""",,bit4,ErrorCode_App_L2[0],封带动作未完成，请调整封带时间或降低整机运行速度,,bit4,ErrorCode_App_L2[1],"""""",,bit4,ErrorCode_App_L2[2],"""""",,bit4,ErrorCode_App_L2[3],"""""",,bit4,ErrorCode_App_L3[0],凸轮电机报警,,bit4,ErrorCode_App_L3[1],"""""",,bit4,ErrorCode_App_L3[2],"""""",,bit4,ErrorCode_App_L3[3],"""""",,bit4,ErrorCode_App_L4[0],设备需重启,,bit4,ErrorCode_App_L4[1],"""""",,bit4,ErrorCode_App_L4[2],"""""",,bit4,ErrorCode_App_L4[3],"""""",,bit4,ErrorCode_App_L5[0],"""""",,bit4,ErrorCode_App_L5[1],"""""",,bit4,ErrorCode_App_L5[2],"""""",,bit4,ErrorCode_App_L5[3],""""""
bit5,ErrorCode_App_L1[0],"""""",,bit5,ErrorCode_App_L1[1],"""""",,bit5,ErrorCode_App_L1[2],"""""",,bit5,ErrorCode_App_L1[3],"""""",,bit5,ErrorCode_App_L2[0],定位1未完成，请调整定位1电机速度或降低整机运行速度,,bit5,ErrorCode_App_L2[1],"""""",,bit5,ErrorCode_App_L2[2],"""""",,bit5,ErrorCode_App_L2[3],"""""",,bit5,ErrorCode_App_L3[0],"""""",,bit5,ErrorCode_App_L3[1],"""""",,bit5,ErrorCode_App_L3[2],"""""",,bit5,ErrorCode_App_L3[3],"""""",,bit5,ErrorCode_App_L4[0],"""""",,bit5,ErrorCode_App_L4[1],"""""",,bit5,ErrorCode_App_L4[2],"""""",,bit5,ErrorCode_App_L4[3],"""""",,bit5,ErrorCode_App_L5[0],"""""",,bit5,ErrorCode_App_L5[1],"""""",,bit5,ErrorCode_App_L5[2],"""""",,bit5,ErrorCode_App_L5[3],""""""
bit6,ErrorCode_App_L1[0],"""""",,bit6,ErrorCode_App_L1[1],"""""",,bit6,ErrorCode_App_L1[2],"""""",,bit6,ErrorCode_App_L1[3],"""""",,bit6,ErrorCode_App_L2[0],定位2未完成，请调整定位1电机速度或降低整机运行速度,,bit6,ErrorCode_App_L2[1],"""""",,bit6,ErrorCode_App_L2[2],"""""",,bit6,ErrorCode_App_L2[3],"""""",,bit6,ErrorCode_App_L3[0],"""""",,bit6,ErrorCode_App_L3[1],"""""",,bit6,ErrorCode_App_L3[2],"""""",,bit6,ErrorCode_App_L3[3],"""""",,bit6,ErrorCode_App_L4[0],"""""",,bit6,ErrorCode_App_L4[1],"""""",,bit6,ErrorCode_App_L4[2],"""""",,bit6,ErrorCode_App_L4[3],"""""",,bit6,ErrorCode_App_L5[0],"""""",,bit6,ErrorCode_App_L5[1],"""""",,bit6,ErrorCode_App_L5[2],"""""",,bit6,ErrorCode_App_L5[3],""""""
bit7,ErrorCode_App_L1[0],"""""",,bit7,ErrorCode_App_L1[1],"""""",,bit7,ErrorCode_App_L1[2],"""""",,bit7,ErrorCode_App_L1[3],"""""",,bit7,ErrorCode_App_L2[0],装填视觉未完成，请调整视觉参数，或降低整机运行速度,,bit7,ErrorCode_App_L2[1],"""""",,bit7,ErrorCode_App_L2[2],"""""",,bit7,ErrorCode_App_L2[3],"""""",,bit7,ErrorCode_App_L3[0],"""""",,bit7,ErrorCode_App_L3[1],"""""",,bit7,ErrorCode_App_L3[2],"""""",,bit7,ErrorCode_App_L3[3],"""""",,bit7,ErrorCode_App_L4[0],"""""",,bit7,ErrorCode_App_L4[1],"""""",,bit7,ErrorCode_App_L4[2],"""""",,bit7,ErrorCode_App_L4[3],"""""",,bit7,ErrorCode_App_L5[0],"""""",,bit7,ErrorCode_App_L5[1],"""""",,bit7,ErrorCode_App_L5[2],"""""",,bit7,ErrorCode_App_L5[3],""""""
bit8,ErrorCode_App_L1[0],"""""",,bit8,ErrorCode_App_L1[1],"""""",,bit8,ErrorCode_App_L1[2],"""""",,bit8,ErrorCode_App_L1[3],"""""",,bit8,ErrorCode_App_L2[0],补料失败，请检查并人工补料,,bit8,ErrorCode_App_L2[1],"""""",,bit8,ErrorCode_App_L2[2],"""""",,bit8,ErrorCode_App_L2[3],"""""",,bit8,ErrorCode_App_L3[0],"""""",,bit8,ErrorCode_App_L3[1],"""""",,bit8,ErrorCode_App_L3[2],"""""",,bit8,ErrorCode_App_L3[3],"""""",,bit8,ErrorCode_App_L4[0],"""""",,bit8,ErrorCode_App_L4[1],"""""",,bit8,ErrorCode_App_L4[2],"""""",,bit8,ErrorCode_App_L4[3],"""""",,bit8,ErrorCode_App_L5[0],"""""",,bit8,ErrorCode_App_L5[1],"""""",,bit8,ErrorCode_App_L5[2],"""""",,bit8,ErrorCode_App_L5[3],""""""
bit9,ErrorCode_App_L1[0],"""""",,bit9,ErrorCode_App_L1[1],"""""",,bit9,ErrorCode_App_L1[2],"""""",,bit9,ErrorCode_App_L1[3],"""""",,bit9,ErrorCode_App_L2[0],载带感应持续有信号，载带用完，或载带卡带,,bit9,ErrorCode_App_L2[1],"""""",,bit9,ErrorCode_App_L2[2],"""""",,bit9,ErrorCode_App_L2[3],"""""",,bit9,ErrorCode_App_L3[0],"""""",,bit9,ErrorCode_App_L3[1],"""""",,bit9,ErrorCode_App_L3[2],"""""",,bit9,ErrorCode_App_L3[3],"""""",,bit9,ErrorCode_App_L4[0],"""""",,bit9,ErrorCode_App_L4[1],"""""",,bit9,ErrorCode_App_L4[2],"""""",,bit9,ErrorCode_App_L4[3],"""""",,bit9,ErrorCode_App_L5[0],"""""",,bit9,ErrorCode_App_L5[1],"""""",,bit9,ErrorCode_App_L5[2],"""""",,bit9,ErrorCode_App_L5[3],""""""
bit10,ErrorCode_App_L1[0],"""""",,bit10,ErrorCode_App_L1[1],"""""",,bit10,ErrorCode_App_L1[2],"""""",,bit10,ErrorCode_App_L1[3],"""""",,bit10,ErrorCode_App_L2[0],载带感应长时间无信号，请检查载带是否脱落，或设置送带数量过大,,bit10,ErrorCode_App_L2[1],"""""",,bit10,ErrorCode_App_L2[2],"""""",,bit10,ErrorCode_App_L2[3],"""""",,bit10,ErrorCode_App_L3[0],"""""",,bit10,ErrorCode_App_L3[1],"""""",,bit10,ErrorCode_App_L3[2],"""""",,bit10,ErrorCode_App_L3[3],"""""",,bit10,ErrorCode_App_L4[0],"""""",,bit10,ErrorCode_App_L4[1],"""""",,bit10,ErrorCode_App_L4[2],"""""",,bit10,ErrorCode_App_L4[3],"""""",,bit10,ErrorCode_App_L5[0],"""""",,bit10,ErrorCode_App_L5[1],"""""",,bit10,ErrorCode_App_L5[2],"""""",,bit10,ErrorCode_App_L5[3],""""""
bit11,ErrorCode_App_L1[0],"""""",,bit11,ErrorCode_App_L1[1],"""""",,bit11,ErrorCode_App_L1[2],"""""",,bit11,ErrorCode_App_L1[3],"""""",,bit11,ErrorCode_App_L2[0],装填视觉NG，未开启自动补料，请人工处理,,bit11,ErrorCode_App_L2[1],"""""",,bit11,ErrorCode_App_L2[2],"""""",,bit11,ErrorCode_App_L2[3],"""""",,bit11,ErrorCode_App_L3[0],"""""",,bit11,ErrorCode_App_L3[1],"""""",,bit11,ErrorCode_App_L3[2],"""""",,bit11,ErrorCode_App_L3[3],"""""",,bit11,ErrorCode_App_L4[0],"""""",,bit11,ErrorCode_App_L4[1],"""""",,bit11,ErrorCode_App_L4[2],"""""",,bit11,ErrorCode_App_L4[3],"""""",,bit11,ErrorCode_App_L5[0],"""""",,bit11,ErrorCode_App_L5[1],"""""",,bit11,ErrorCode_App_L5[2],"""""",,bit11,ErrorCode_App_L5[3],""""""
bit12,ErrorCode_App_L1[0],"""""",,bit12,ErrorCode_App_L1[1],"""""",,bit12,ErrorCode_App_L1[2],"""""",,bit12,ErrorCode_App_L1[3],"""""",,bit12,ErrorCode_App_L2[0],电性不良料筒满，请人工清理后继续,,bit12,ErrorCode_App_L2[1],"""""",,bit12,ErrorCode_App_L2[2],"""""",,bit12,ErrorCode_App_L2[3],"""""",,bit12,ErrorCode_App_L3[0],"""""",,bit12,ErrorCode_App_L3[1],"""""",,bit12,ErrorCode_App_L3[2],"""""",,bit12,ErrorCode_App_L3[3],"""""",,bit12,ErrorCode_App_L4[0],"""""",,bit12,ErrorCode_App_L4[1],"""""",,bit12,ErrorCode_App_L4[2],"""""",,bit12,ErrorCode_App_L4[3],"""""",,bit12,ErrorCode_App_L5[0],"""""",,bit12,ErrorCode_App_L5[1],"""""",,bit12,ErrorCode_App_L5[2],"""""",,bit12,ErrorCode_App_L5[3],""""""
bit13,ErrorCode_App_L1[0],"""""",,bit13,ErrorCode_App_L1[1],"""""",,bit13,ErrorCode_App_L1[2],"""""",,bit13,ErrorCode_App_L1[3],"""""",,bit13,ErrorCode_App_L2[0],补料吹空料筒满，请人工处理后继续,,bit13,ErrorCode_App_L2[1],"""""",,bit13,ErrorCode_App_L2[2],"""""",,bit13,ErrorCode_App_L2[3],"""""",,bit13,ErrorCode_App_L3[0],"""""",,bit13,ErrorCode_App_L3[1],"""""",,bit13,ErrorCode_App_L3[2],"""""",,bit13,ErrorCode_App_L3[3],"""""",,bit13,ErrorCode_App_L4[0],"""""",,bit13,ErrorCode_App_L4[1],"""""",,bit13,ErrorCode_App_L4[2],"""""",,bit13,ErrorCode_App_L4[3],"""""",,bit13,ErrorCode_App_L5[0],"""""",,bit13,ErrorCode_App_L5[1],"""""",,bit13,ErrorCode_App_L5[2],"""""",,bit13,ErrorCode_App_L5[3],""""""
bit14,ErrorCode_App_L1[0],"""""",,bit14,ErrorCode_App_L1[1],"""""",,bit14,ErrorCode_App_L1[2],"""""",,bit14,ErrorCode_App_L1[3],"""""",,bit14,ErrorCode_App_L2[0],末端不良品料筒满，请人工清理后继续,,bit14,ErrorCode_App_L2[1],"""""",,bit14,ErrorCode_App_L2[2],"""""",,bit14,ErrorCode_App_L2[3],"""""",,bit14,ErrorCode_App_L3[0],"""""",,bit14,ErrorCode_App_L3[1],"""""",,bit14,ErrorCode_App_L3[2],"""""",,bit14,ErrorCode_App_L3[3],"""""",,bit14,ErrorCode_App_L4[0],"""""",,bit14,ErrorCode_App_L4[1],"""""",,bit14,ErrorCode_App_L4[2],"""""",,bit14,ErrorCode_App_L4[3],"""""",,bit14,ErrorCode_App_L5[0],"""""",,bit14,ErrorCode_App_L5[1],"""""",,bit14,ErrorCode_App_L5[2],"""""",,bit14,ErrorCode_App_L5[3],""""""
bit15,ErrorCode_App_L1[0],"""""",,bit15,ErrorCode_App_L1[1],"""""",,bit15,ErrorCode_App_L1[2],"""""",,bit15,ErrorCode_App_L1[3],"""""",,bit15,ErrorCode_App_L2[0],末端良品料筒满，请人工清理后继续,,bit15,ErrorCode_App_L2[1],"""""",,bit15,ErrorCode_App_L2[2],"""""",,bit15,ErrorCode_App_L2[3],"""""",,bit15,ErrorCode_App_L3[0],"""""",,bit15,ErrorCode_App_L3[1],"""""",,bit15,ErrorCode_App_L3[2],"""""",,bit15,ErrorCode_App_L3[3],"""""",,bit15,ErrorCode_App_L4[0],"""""",,bit15,ErrorCode_App_L4[1],"""""",,bit15,ErrorCode_App_L4[2],"""""",,bit15,ErrorCode_App_L4[3],"""""",,bit15,ErrorCode_App_L5[0],"""""",,bit15,ErrorCode_App_L5[1],"""""",,bit15,ErrorCode_App_L5[2],"""""",,bit15,ErrorCode_App_L5[3],""""""
bit16,ErrorCode_App_L1[0],"""""",,bit16,ErrorCode_App_L1[1],"""""",,bit16,ErrorCode_App_L1[2],"""""",,bit16,ErrorCode_App_L1[3],"""""",,bit16,ErrorCode_App_L2[0],连续不送带数量到达，请检查料带是否用完,,bit16,ErrorCode_App_L2[1],"""""",,bit16,ErrorCode_App_L2[2],"""""",,bit16,ErrorCode_App_L2[3],"""""",,bit16,ErrorCode_App_L3[0],"""""",,bit16,ErrorCode_App_L3[1],"""""",,bit16,ErrorCode_App_L3[2],"""""",,bit16,ErrorCode_App_L3[3],"""""",,bit16,ErrorCode_App_L4[0],"""""",,bit16,ErrorCode_App_L4[1],"""""",,bit16,ErrorCode_App_L4[2],"""""",,bit16,ErrorCode_App_L4[3],"""""",,bit16,ErrorCode_App_L5[0],"""""",,bit16,ErrorCode_App_L5[1],"""""",,bit16,ErrorCode_App_L5[2],"""""",,bit16,ErrorCode_App_L5[3],""""""
bit17,ErrorCode_App_L1[0],"""""",,bit17,ErrorCode_App_L1[1],"""""",,bit17,ErrorCode_App_L1[2],"""""",,bit17,ErrorCode_App_L1[3],"""""",,bit17,ErrorCode_App_L2[0],电性测试无响应,,bit17,ErrorCode_App_L2[1],"""""",,bit17,ErrorCode_App_L2[2],"""""",,bit17,ErrorCode_App_L2[3],"""""",,bit17,ErrorCode_App_L3[0],"""""",,bit17,ErrorCode_App_L3[1],"""""",,bit17,ErrorCode_App_L3[2],"""""",,bit17,ErrorCode_App_L3[3],"""""",,bit17,ErrorCode_App_L4[0],"""""",,bit17,ErrorCode_App_L4[1],"""""",,bit17,ErrorCode_App_L4[2],"""""",,bit17,ErrorCode_App_L4[3],"""""",,bit17,ErrorCode_App_L5[0],"""""",,bit17,ErrorCode_App_L5[1],"""""",,bit17,ErrorCode_App_L5[2],"""""",,bit17,ErrorCode_App_L5[3],""""""
bit18,ErrorCode_App_L1[0],"""""",,bit18,ErrorCode_App_L1[1],"""""",,bit18,ErrorCode_App_L1[2],"""""",,bit18,ErrorCode_App_L1[3],"""""",,bit18,ErrorCode_App_L2[0],电性测试连续不良,,bit18,ErrorCode_App_L2[1],"""""",,bit18,ErrorCode_App_L2[2],"""""",,bit18,ErrorCode_App_L2[3],"""""",,bit18,ErrorCode_App_L3[0],"""""",,bit18,ErrorCode_App_L3[1],"""""",,bit18,ErrorCode_App_L3[2],"""""",,bit18,ErrorCode_App_L3[3],"""""",,bit18,ErrorCode_App_L4[0],"""""",,bit18,ErrorCode_App_L4[1],"""""",,bit18,ErrorCode_App_L4[2],"""""",,bit18,ErrorCode_App_L4[3],"""""",,bit18,ErrorCode_App_L5[0],"""""",,bit18,ErrorCode_App_L5[1],"""""",,bit18,ErrorCode_App_L5[2],"""""",,bit18,ErrorCode_App_L5[3],""""""
bit19,ErrorCode_App_L1[0],"""""",,bit19,ErrorCode_App_L1[1],"""""",,bit19,ErrorCode_App_L1[2],"""""",,bit19,ErrorCode_App_L1[3],"""""",,bit19,ErrorCode_App_L2[0],电性测试结果连续相同,,bit19,ErrorCode_App_L2[1],"""""",,bit19,ErrorCode_App_L2[2],"""""",,bit19,ErrorCode_App_L2[3],"""""",,bit19,ErrorCode_App_L3[0],"""""",,bit19,ErrorCode_App_L3[1],"""""",,bit19,ErrorCode_App_L3[2],"""""",,bit19,ErrorCode_App_L3[3],"""""",,bit19,ErrorCode_App_L4[0],"""""",,bit19,ErrorCode_App_L4[1],"""""",,bit19,ErrorCode_App_L4[2],"""""",,bit19,ErrorCode_App_L4[3],"""""",,bit19,ErrorCode_App_L5[0],"""""",,bit19,ErrorCode_App_L5[1],"""""",,bit19,ErrorCode_App_L5[2],"""""",,bit19,ErrorCode_App_L5[3],""""""
bit20,ErrorCode_App_L1[0],"""""",,bit20,ErrorCode_App_L1[1],"""""",,bit20,ErrorCode_App_L1[2],"""""",,bit20,ErrorCode_App_L1[3],"""""",,bit20,ErrorCode_App_L2[0],剩余料带已不足,,bit20,ErrorCode_App_L2[1],"""""",,bit20,ErrorCode_App_L2[2],"""""",,bit20,ErrorCode_App_L2[3],"""""",,bit20,ErrorCode_App_L3[0],"""""",,bit20,ErrorCode_App_L3[1],"""""",,bit20,ErrorCode_App_L3[2],"""""",,bit20,ErrorCode_App_L3[3],"""""",,bit20,ErrorCode_App_L4[0],"""""",,bit20,ErrorCode_App_L4[1],"""""",,bit20,ErrorCode_App_L4[2],"""""",,bit20,ErrorCode_App_L4[3],"""""",,bit20,ErrorCode_App_L5[0],"""""",,bit20,ErrorCode_App_L5[1],"""""",,bit20,ErrorCode_App_L5[2],"""""",,bit20,ErrorCode_App_L5[3],""""""
bit21,ErrorCode_App_L1[0],"""""",,bit21,ErrorCode_App_L1[1],"""""",,bit21,ErrorCode_App_L1[2],"""""",,bit21,ErrorCode_App_L1[3],"""""",,bit21,ErrorCode_App_L2[0],剩余胶膜已不足,,bit21,ErrorCode_App_L2[1],"""""",,bit21,ErrorCode_App_L2[2],"""""",,bit21,ErrorCode_App_L2[3],"""""",,bit21,ErrorCode_App_L3[0],"""""",,bit21,ErrorCode_App_L3[1],"""""",,bit21,ErrorCode_App_L3[2],"""""",,bit21,ErrorCode_App_L3[3],"""""",,bit21,ErrorCode_App_L4[0],"""""",,bit21,ErrorCode_App_L4[1],"""""",,bit21,ErrorCode_App_L4[2],"""""",,bit21,ErrorCode_App_L4[3],"""""",,bit21,ErrorCode_App_L5[0],"""""",,bit21,ErrorCode_App_L5[1],"""""",,bit21,ErrorCode_App_L5[2],"""""",,bit21,ErrorCode_App_L5[3],""""""
bit22,ErrorCode_App_L1[0],"""""",,bit22,ErrorCode_App_L1[1],"""""",,bit22,ErrorCode_App_L1[2],"""""",,bit22,ErrorCode_App_L1[3],"""""",,bit22,ErrorCode_App_L2[0],料带使用已到达设置数量,,bit22,ErrorCode_App_L2[1],"""""",,bit22,ErrorCode_App_L2[2],"""""",,bit22,ErrorCode_App_L2[3],"""""",,bit22,ErrorCode_App_L3[0],"""""",,bit22,ErrorCode_App_L3[1],"""""",,bit22,ErrorCode_App_L3[2],"""""",,bit22,ErrorCode_App_L3[3],"""""",,bit22,ErrorCode_App_L4[0],"""""",,bit22,ErrorCode_App_L4[1],"""""",,bit22,ErrorCode_App_L4[2],"""""",,bit22,ErrorCode_App_L4[3],"""""",,bit22,ErrorCode_App_L5[0],"""""",,bit22,ErrorCode_App_L5[1],"""""",,bit22,ErrorCode_App_L5[2],"""""",,bit22,ErrorCode_App_L5[3],""""""
bit23,ErrorCode_App_L1[0],"""""",,bit23,ErrorCode_App_L1[1],"""""",,bit23,ErrorCode_App_L1[2],"""""",,bit23,ErrorCode_App_L1[3],"""""",,bit23,ErrorCode_App_L2[0],目标卷数已到达,,bit23,ErrorCode_App_L2[1],"""""",,bit23,ErrorCode_App_L2[2],"""""",,bit23,ErrorCode_App_L2[3],"""""",,bit23,ErrorCode_App_L3[0],"""""",,bit23,ErrorCode_App_L3[1],"""""",,bit23,ErrorCode_App_L3[2],"""""",,bit23,ErrorCode_App_L3[3],"""""",,bit23,ErrorCode_App_L4[0],"""""",,bit23,ErrorCode_App_L4[1],"""""",,bit23,ErrorCode_App_L4[2],"""""",,bit23,ErrorCode_App_L4[3],"""""",,bit23,ErrorCode_App_L5[0],"""""",,bit23,ErrorCode_App_L5[1],"""""",,bit23,ErrorCode_App_L5[2],"""""",,bit23,ErrorCode_App_L5[3],""""""
bit24,ErrorCode_App_L1[0],"""""",,bit24,ErrorCode_App_L1[1],"""""",,bit24,ErrorCode_App_L1[2],"""""",,bit24,ErrorCode_App_L1[3],"""""",,bit24,ErrorCode_App_L2[0],胶膜用完信号感应,,bit24,ErrorCode_App_L2[1],"""""",,bit24,ErrorCode_App_L2[2],"""""",,bit24,ErrorCode_App_L2[3],"""""",,bit24,ErrorCode_App_L3[0],"""""",,bit24,ErrorCode_App_L3[1],"""""",,bit24,ErrorCode_App_L3[2],"""""",,bit24,ErrorCode_App_L3[3],"""""",,bit24,ErrorCode_App_L4[0],"""""",,bit24,ErrorCode_App_L4[1],"""""",,bit24,ErrorCode_App_L4[2],"""""",,bit24,ErrorCode_App_L4[3],"""""",,bit24,ErrorCode_App_L5[0],"""""",,bit24,ErrorCode_App_L5[1],"""""",,bit24,ErrorCode_App_L5[2],"""""",,bit24,ErrorCode_App_L5[3],""""""
bit25,ErrorCode_App_L1[0],"""""",,bit25,ErrorCode_App_L1[1],"""""",,bit25,ErrorCode_App_L1[2],"""""",,bit25,ErrorCode_App_L1[3],"""""",,bit25,ErrorCode_App_L2[0],装填卡料,,bit25,ErrorCode_App_L2[1],"""""",,bit25,ErrorCode_App_L2[2],"""""",,bit25,ErrorCode_App_L2[3],"""""",,bit25,ErrorCode_App_L3[0],"""""",,bit25,ErrorCode_App_L3[1],"""""",,bit25,ErrorCode_App_L3[2],"""""",,bit25,ErrorCode_App_L3[3],"""""",,bit25,ErrorCode_App_L4[0],"""""",,bit25,ErrorCode_App_L4[1],"""""",,bit25,ErrorCode_App_L4[2],"""""",,bit25,ErrorCode_App_L4[3],"""""",,bit25,ErrorCode_App_L5[0],"""""",,bit25,ErrorCode_App_L5[1],"""""",,bit25,ErrorCode_App_L5[2],"""""",,bit25,ErrorCode_App_L5[3],""""""
bit26,ErrorCode_App_L1[0],"""""",,bit26,ErrorCode_App_L1[1],"""""",,bit26,ErrorCode_App_L1[2],"""""",,bit26,ErrorCode_App_L1[3],"""""",,bit26,ErrorCode_App_L2[0],补料取NG材料失败,,bit26,ErrorCode_App_L2[1],"""""",,bit26,ErrorCode_App_L2[2],"""""",,bit26,ErrorCode_App_L2[3],"""""",,bit26,ErrorCode_App_L3[0],"""""",,bit26,ErrorCode_App_L3[1],"""""",,bit26,ErrorCode_App_L3[2],"""""",,bit26,ErrorCode_App_L3[3],"""""",,bit26,ErrorCode_App_L4[0],"""""",,bit26,ErrorCode_App_L4[1],"""""",,bit26,ErrorCode_App_L4[2],"""""",,bit26,ErrorCode_App_L4[3],"""""",,bit26,ErrorCode_App_L5[0],"""""",,bit26,ErrorCode_App_L5[1],"""""",,bit26,ErrorCode_App_L5[2],"""""",,bit26,ErrorCode_App_L5[3],""""""
bit27,ErrorCode_App_L1[0],"""""",,bit27,ErrorCode_App_L1[1],"""""",,bit27,ErrorCode_App_L1[2],"""""",,bit27,ErrorCode_App_L1[3],"""""",,bit27,ErrorCode_App_L2[0],"""""",,bit27,ErrorCode_App_L2[1],"""""",,bit27,ErrorCode_App_L2[2],"""""",,bit27,ErrorCode_App_L2[3],"""""",,bit27,ErrorCode_App_L3[0],"""""",,bit27,ErrorCode_App_L3[1],"""""",,bit27,ErrorCode_App_L3[2],"""""",,bit27,ErrorCode_App_L3[3],"""""",,bit27,ErrorCode_App_L4[0],"""""",,bit27,ErrorCode_App_L4[1],"""""",,bit27,ErrorCode_App_L4[2],"""""",,bit27,ErrorCode_App_L4[3],"""""",,bit27,ErrorCode_App_L5[0],"""""",,bit27,ErrorCode_App_L5[1],"""""",,bit27,ErrorCode_App_L5[2],"""""",,bit27,ErrorCode_App_L5[3],""""""
bit28,ErrorCode_App_L1[0],"""""",,bit28,ErrorCode_App_L1[1],"""""",,bit28,ErrorCode_App_L1[2],"""""",,bit28,ErrorCode_App_L1[3],"""""",,bit28,ErrorCode_App_L2[0],"""""",,bit28,ErrorCode_App_L2[1],"""""",,bit28,ErrorCode_App_L2[2],"""""",,bit28,ErrorCode_App_L2[3],"""""",,bit28,ErrorCode_App_L3[0],"""""",,bit28,ErrorCode_App_L3[1],"""""",,bit28,ErrorCode_App_L3[2],"""""",,bit28,ErrorCode_App_L3[3],"""""",,bit28,ErrorCode_App_L4[0],"""""",,bit28,ErrorCode_App_L4[1],"""""",,bit28,ErrorCode_App_L4[2],"""""",,bit28,ErrorCode_App_L4[3],"""""",,bit28,ErrorCode_App_L5[0],"""""",,bit28,ErrorCode_App_L5[1],"""""",,bit28,ErrorCode_App_L5[2],"""""",,bit28,ErrorCode_App_L5[3],""""""
bit29,ErrorCode_App_L1[0],"""""",,bit29,ErrorCode_App_L1[1],"""""",,bit29,ErrorCode_App_L1[2],"""""",,bit29,ErrorCode_App_L1[3],"""""",,bit29,ErrorCode_App_L2[0],"""""",,bit29,ErrorCode_App_L2[1],"""""",,bit29,ErrorCode_App_L2[2],"""""",,bit29,ErrorCode_App_L2[3],"""""",,bit29,ErrorCode_App_L3[0],"""""",,bit29,ErrorCode_App_L3[1],"""""",,bit29,ErrorCode_App_L3[2],"""""",,bit29,ErrorCode_App_L3[3],"""""",,bit29,ErrorCode_App_L4[0],"""""",,bit29,ErrorCode_App_L4[1],"""""",,bit29,ErrorCode_App_L4[2],"""""",,bit29,ErrorCode_App_L4[3],"""""",,bit29,ErrorCode_App_L5[0],"""""",,bit29,ErrorCode_App_L5[1],"""""",,bit29,ErrorCode_App_L5[2],"""""",,bit29,ErrorCode_App_L5[3],""""""
bit30,ErrorCode_App_L1[0],"""""",,bit30,ErrorCode_App_L1[1],"""""",,bit30,ErrorCode_App_L1[2],"""""",,bit30,ErrorCode_App_L1[3],"""""",,bit30,ErrorCode_App_L2[0],"""""",,bit30,ErrorCode_App_L2[1],"""""",,bit30,ErrorCode_App_L2[2],"""""",,bit30,ErrorCode_App_L2[3],"""""",,bit30,ErrorCode_App_L3[0],"""""",,bit30,ErrorCode_App_L3[1],"""""",,bit30,ErrorCode_App_L3[2],"""""",,bit30,ErrorCode_App_L3[3],"""""",,bit30,ErrorCode_App_L4[0],"""""",,bit30,ErrorCode_App_L4[1],"""""",,bit30,ErrorCode_App_L4[2],"""""",,bit30,ErrorCode_App_L4[3],"""""",,bit30,ErrorCode_App_L5[0],"""""",,bit30,ErrorCode_App_L5[1],"""""",,bit30,ErrorCode_App_L5[2],"""""",,bit30,ErrorCode_App_L5[3],""""""
bit31,ErrorCode_App_L1[0],"""""",,bit31,ErrorCode_App_L1[1],"""""",,bit31,ErrorCode_App_L1[2],"""""",,bit31,ErrorCode_App_L1[3],"""""",,bit31,ErrorCode_App_L2[0],"""""",,bit31,ErrorCode_App_L2[1],"""""",,bit31,ErrorCode_App_L2[2],"""""",,bit31,ErrorCode_App_L2[3],"""""",,bit31,ErrorCode_App_L3[0],"""""",,bit31,ErrorCode_App_L3[1],"""""",,bit31,ErrorCode_App_L3[2],"""""",,bit31,ErrorCode_App_L3[3],"""""",,bit31,ErrorCode_App_L4[0],"""""",,bit31,ErrorCode_App_L4[1],"""""",,bit31,ErrorCode_App_L4[2],"""""",,bit31,ErrorCode_App_L4[3],"""""",,bit31,ErrorCode_App_L5[0],"""""",,bit31,ErrorCode_App_L5[1],"""""",,bit31,ErrorCode_App_L5[2],"""""",,bit31,ErrorCode_App_L5[3],""""""
390,,,,392,,,,394,,,,396,,,,398,,,,400,,,,402,,,,404,,,,406,,,,408,,,,410,,,,412,,,,414,,,,416,,,,418,,,,420,,,,422,,,,424,,,,426,,,,428,,
,,,,,,,,,,,,,,,,,,,,,,,,,,,,,,,,,,,,,,,,,,,,,,,,,,,,,,,,,,,,,,,,,,,,,,,,,,,,,,
一级报警：仅提供警告信息，设备继续运行,,,,,,,,,,,,,,,,,,,,,,,,,,,,,,,,,,,,,,,,,,,,,,,,,,,,,,,,,,,,,,,,,,,,,,,,,,,,,,
二级报警：设备暂停，排除故障后恢复,,,,,,,,,,,,,,,,,,,,,,,,,,,,,,,,,,,,,,,,,,,,,,,,,,,,,,,,,,,,,,,,,,,,,,,,,,,,,,
三级报警：设备停止，复位后恢复,,,,,,,,,,,,,,,,,,,,,,,,,,,,,,,,,,,,,,,,,,,,,,,,,,,,,,,,,,,,,,,,,,,,,,,,,,,,,,
四级报警：设备停止，重新上电后恢复,,,,,,,,,,,,,,,,,,,,,,,,,,,,,,,,,,,,,,,,,,,,,,,,,,,,,,,,,,,,,,,,,,,,,,,,,,,,,,
五级报警：设备停止，重新上电后恢复或不可恢复,,,,,,,,,,,,,,,,,,,,,,,,,,,,,,,,,,,,,,,,,,,,,,,,,,,,,,,,,,,,,,,,,,,,,,,,,,,,,,
,,,,,,,,,,,,,,,,,,,,,,,,,,,,,,,,,,,,,,,,,,,,,,,,,,,,,,,,,,,,,,,,,,,,,,,,,,,,,,
,,,,,,,,,,,,,,,,,,,,,,,,,,,,,,,,,,,,,,,,,,,,,,,,,,,,,,,,,,,,,,,,,,,,,,,,,,,,,,
,,,,,,,,,,,,,,,,,,,,,,,,,,,,,,,,,,,,,,,,,,,,,,,,,,,,,,,,,,,,,,,,,,,,,,,,,,,,,,
,,,,,,,,,,,,,,,,,,,,,,,,,,,,,,,,,,,,,,,,,,,,,,,,,,,,,,,,,,,,,,,,,,,,,,,,,,,,,,
,,,0,4260,4292,4324,1536,,,,,,,,,,,,,,,,,,,,,,,,,,,,,,,,,,,,,,,,,,,,,,,,,,,,,,,,,,,,,,,,,,,,,,,
,,,1,4262,4294,4326,1538,,,,,,,,,,,,,,,,,,,,,,,,,,,,,,,,,,,,,,,,,,,,,,,,,,,,,,,,,,,,,,,,,,,,,,,
,,,2,4264,4296,4328,1540,,,,,,,,,,,,,,,,,,,,,,,,,,,,,,,,,,,,,,,,,,,,,,,,,,,,,,,,,,,,,,,,,,,,,,,
,,,3,4266,4298,4330,1542,,,,,,,,,,,,,,,,,,,,,,,,,,,,,,,,,,,,,,,,,,,,,,,,,,,,,,,,,,,,,,,,,,,,,,,
,,,4,4268,4300,4332,1544,,,,,,,,,,,,,,,,,,,,,,,,,,,,,,,,,,,,,,,,,,,,,,,,,,,,,,,,,,,,,,,,,,,,,,,
,,,5,4270,4302,4334,1546,,,,,,,,,,,,,,,,,,,,,,,,,,,,,,,,,,,,,,,,,,,,,,,,,,,,,,,,,,,,,,,,,,,,,,,
,,,6,4272,4304,4336,1548,,,,,,,,,,,,,,,,,,,,,,,,,,,,,,,,,,,,,,,,,,,,,,,,,,,,,,,,,,,,,,,,,,,,,,,
,,,7,4274,4306,4338,1550,,,,,,,,,,,,,,,,,,,,,,,,,,,,,,,,,,,,,,,,,,,,,,,,,,,,,,,,,,,,,,,,,,,,,,,
,,,8,4276,4308,4340,1552,,,,,,,,,,,,,,,,,,,,,,,,,,,,,,,,,,,,,,,,,,,,,,,,,,,,,,,,,,,,,,,,,,,,,,,
,,,9,4278,4310,4342,1554,,,,,,,,,,,,,,,,,,,,,,,,,,,,,,,,,,,,,,,,,,,,,,,,,,,,,,,,,,,,,,,,,,,,,,,
,,,10,4280,4312,4344,1556,,,,,,,,,,,,,,,,,,,,,,,,,,,,,,,,,,,,,,,,,,,,,,,,,,,,,,,,,,,,,,,,,,,,,,,
,,,11,4282,4314,4346,1558,,,,,,,,,,,,,,,,,,,,,,,,,,,,,,,,,,,,,,,,,,,,,,,,,,,,,,,,,,,,,,,,,,,,,,,
,,,12,4284,4316,4348,1560,,,,,,,,,,,,,,,,,,,,,,,,,,,,,,,,,,,,,,,,,,,,,,,,,,,,,,,,,,,,,,,,,,,,,,,
,,,13,4286,4318,4350,1562,,,,,,,,,,,,,,,,,,,,,,,,,,,,,,,,,,,,,,,,,,,,,,,,,,,,,,,,,,,,,,,,,,,,,,,
,,,14,4288,4320,4352,1564,,,,,,,,,,,,,,,,,,,,,,,,,,,,,,,,,,,,,,,,,,,,,,,,,,,,,,,,,,,,,,,,,,,,,,,
,,,15,4290,4322,4354,1566,,,,,,,,,,,,,,,,,,,,,,,,,,,,,,,,,,,,,,,,,,,,,,,,,,,,,,,,,,,,,,,,,,,,,,,
